mhlw_designation_number,fy2024_recipient_certificate_holders,discovery_rank
97,151631,1
6,150569,2
49,66928,3
96,53664,4
306,34536,5
69,32083,6
11,28323,7
50,27790,8
51,27017,9
18,26491,10
13,25203,11
85,22066,12
53,21396,13
90,19993,14
78,19919,15
71,19771,16
57,17958,17
63,16597,18
84,16170,19
93,16084,20
66,15352,21
56,15087,22
222,14331,23
22,13916,24
67,13912,25
5,13564,26
43,12922,27
52,10233,28
17,10170,29
2,9768,30
45,8669,31
60,8491,32
28,8168,33
95,7452,34
68,6688,35
113,5921,36
88,5809,37
271,5734,38
14,5642,39
54,4966,40
86,4906,41
40,4715,42
70,4713,43
46,4640,44
300,4492,45
58,4466,46
7,4462,47
77,4393,48
162,4244,49
34,4166,50
